"","Species","Group","Mass","BasalFGC","ElevFGC","Method","AssayType","Stressor","FecesMass","Stage","MaxLifespan","MSMR","Temp","n","Sex","MassSource","MassEffects","TimeToSample","ReproductivePeriod","Captive","Location","Notes","Family","Order"
"1","Acinonyx jubatus","",53500,628.4,7193.2,"EIA","9","ACTH","dry","adult",20.5,1.607,39,1,"F","AnAge",NA,"","","Captive","Florida, USA","Table 1","Felidae","Carnivora"
"2","Acomys cahirinus","",45.2,1077.33,1838.98,"EIA","4","ACTH","wet","subadult",5.9,6.143,37.5,10,"MF","AnAge",NA,"5-7hr","","Captive","Egypt","Figure 2, prioritize EIA2 ","Muridae","Rodentia"
"3","Ailuropoda melanoleuca","",117500,114.66,179.492,"EIA","17","Artifical semen collection & artifical insemination","dry","adult",36.8,NA,NA,9,"MF","AnAge",NA,"","","Captive","Shaanxi, China","","Ursidae","Carnivora"
"4","Artibeus jamaicensis","",42.2,557.46,NA,"EIA","22","","wet","",19.2,7.787,36.4,12,"MF","AnAge",NA,"","","Wild","Oaxaca, Mexico","Table 2","Phyllostomidae","Chiroptera"
"5","Artibeus lituratus","",65,872.25,NA,"EIA","22","","wet","",NA,8.588,37.3,5,"MF","AnAge",NA,"","","Wild","Oaxaca, Mexico","Table 2","Phyllostomidae","Chiroptera"
"6","Blastocerus dichotomus","",102500,130.333,NA,"EIA","4","","dry","adult and subadult",13.7,NA,NA,6,"MF","AnAge",NA,"0-4d","","Captive","São Paulo, Brazil","Captive animals only","Cervidae","Artiodactyla"
"7","Bos taurus","",750000,96.4,157,"EIA","1","Dry off","wet","adult",20,0.884,38,76,"F","AnAge",NA,"3d","Pregnant and lactating","Captive","Brandenburg, Germany","Figure 5","Bovidae","Artiodactyla"
"8","Canis rufus","",22983.2,525.6,2103.7,"EIA","9","ACTH","dry","adult",NA,NA,NA,1,"M","Other",NA,"","","Captive","Washington, USA","Table 2","Canidae","Carnivora"
"9","Capra hircus","",61000,124,1096,"EIA","1","ACTH","wet","adult",20.8,1.4,39.3,20,"F","AnAge",NA,"13hr","","Captive","Westerau, Germany","Assay B only","Bovidae","Artiodactyla"
"10","Capreolus capreolus","",25000,60.92,459,"EIA","1","ACTH","wet","",17.5,2.156,NA,5,"M","Source",NA,"9.7hr","Castrated","Captive","Wehr, Germany","Table 1","Cervidae","Artiodactyla"
"11","Cavia porcellus","",992.8,345,970,"EIA","1","Social interaction","dry","adult",12,3.333,39,20,"M","Source",NA,"6hr","","Captive","Vienna, Austria","Figure 4","Caviidae","Rodentia"
"12","Ceratotherium simum","",2175000,4.1,28.3,"HPLC","HPLC","Restraint & relocation","dry","adult",45,NA,NA,4,"MF","AnAge",NA,"0-24hr","","Captive","USA","Table 3","Rhinocerotidae","Perissodactyla"
"13","Cerdocyon thous","",6500,84.5,1638.53,"EIA","4","ACTH","","",12.7,1.562,38.2,3,"MF","AnAge",NA,"24-48hr","","Captive","Pantanal/MT, Brazil","Table 1","Canidae","Carnivora"
"14","Choeropsis liberiensis","",215000,6.3,19.2,"EIA","2","ACTH","wet","adult",42.3,NA,NA,4,"MF","AnAge",NA,"0-72hr","","Captive","North America","Table 1","Hippopotamidae","Artiodactyla"
"15","Crocuta crocuta","",63000,43.75,744.95,"EIA","2","ACTH","wet","adult",41.1,NA,NA,2,"MF","AnAge",NA,"24hr","","Captive","Czech Republic","","Hyaenidae","Carnivora"
"16","Diceros bicornis","",1100000,3,30.1,"HPLC","HPLC","Restraint & relocation","dry","adult",57,NA,NA,5,"MF","AnAge",NA,"0-24hr","","Captive","USA","Table 3","Rhinocerotidae","Perissodactyla"
"17","Elephas maximus","",3178000,17.1,NA,"EIA","19","","dry","adult",79.6,0.636,35.8,26,"M","AnAge",NA,"","Misc. (Some in Musth)","Captive","USA","Captive only","Elephantidae","Proboscidea"
"18","Felis catus","",3900,463.05,1871,"EIA","9","ACTH","dry","adult",30,2.47,38.1,2,"MF","AnAge",NA,"0-5d","","Captive","Virginia, USA","Table 1","Felidae","Carnivora"
"19","Giraffa camelopardalis","",8e+05,23.725,49.3,"EIA","9","ACTH","dry","adult",39.5,0.874,37.1,2,"M","AnAge",NA,"13.5hr","","Captive","Misc.","Appendix 1","Giraffidae","Artiodactyla"
"20","Gorilla gorilla gorilla","",139842,20,40,"EIA","2","Anesthesia, relocation, social interaction, and male introduction","wet","",60.1,NA,NA,6,"MF","AnAge",NA,"44hr","","Captive","UK","Prioritized EIA, Table 1","Hominidae","Primates"
"21","Hylobates pileatus","",5735,35.5,188.5,"EIA","2","ACTH","dry","adult",38,NA,NA,2,"MF","AnAge",NA,"26hr","","Captive","Misc.","Table 2","Hylobatidae","Primates"
"22","Lepus americanus","",1600,1054,11130,"EIA","1","ACTH","dry","adult",NA,4.184,39.8,7,"MF","AnAge",NA,"10hr","","Captive","Yukon, Canada","","Leporidae","Lagomorpha"
"23","Loxodonta africana","",4800000,69.7,NA,"EIA","","","wet","adult",65,NA,NA,41,"F","AnAge",NA,"","","Wild","Tanzania","Limited to adult females to avoid juveniles","Elephantidae","Proboscidea"
"24","Macaca tonkeana","",11950,51.505,80.245,"EIA","13","Relocation","dry","adult and juveniles",28.4,NA,NA,15,"MF","AnAge",NA,"1-2d","","Captive","France to Italy","Table 2","Cercopithecidae","Primates"
"25","Mazama gouazoubira","",17000,181.5,770.5,"EIA","4","ACTH","wet","adult and juveniles",14.8,NA,NA,2,"MF","AnAge",NA,"25hr","","Captive","São Paulo, Brazil","","Cervidae","Artiodactyla"
"26","Melursus ursinus","",1e+05,48.7,1428.8,"EIA","9","Infection, male introduction, breeding","dry","adult",33.3,0.703,NA,1,"F","AnAge",NA,"","","Captive","Alaska, USA","Table 2","Ursidae","Carnivora"
"27","Mesocricetus auratus","",105,204.5,1040,"EIA","4","ACTH","dry","adult",3.9,6.377,38.1,20,"MF","AnAge",NA,"24hr","","Captive","São Paulo, Brazil","Baseline x percent increase ","Cricetidae","Rodentia"
"28","Microcebus murinus","",64.8,420,1940,"EIA","2","Capture","wet","",18.2,NA,NA,5,"MF","AnAge",NA,"1-5d","","Wild","Madagascar","Table 2","Cheirogaleidae","Primates"
"29","Moschus berezovskii","",12000,41.726,86.105,"EIA","16","Capture, restraint, and extraction of musk","wet","adult",20,NA,NA,7,"M","AnAge",NA,"1-28d","","Captive","Shaanxi, China","Table 1, CRE group, only increase animals","Moschidae","Artiodactyla"
"30","Mungos mungo","",1332,58.4,104.2,"EIA","9","ACTH","dry","adult",17.4,NA,NA,3,"MF","AnAge",NA,"24hr","","Captive","Botswana","","Herpestidae","Carnivora"
"31","Mustela nigripes","",1021,220.2,548.6,"EIA","9","ACTH","dry","adult",9.4,NA,NA,1,"F","AnAge",NA,"","","Captive","Ontario, Canada","Table 1","Mustelidae","Carnivora"
"32","Neofelis nebulosa","",19500,194.3,783.46,"EIA","9","ACTH","dry","adult",19.8,NA,NA,3,"MF","AnAge",NA,"","","Captive","Virginia, USA","Table 1","Felidae","Carnivora"
"33","Octodon degus","",235,139,272,"RIA","14","ACTH","dry","adult",14,4.8,37.6,6,"MF","AnAge",NA,"6hr","","Captive","Santiago, Chile","Figure 4","Octodontidae","Rodentia"
"34","Otolemur garnettii","Yes",1300,25.683,209.113,"RIA","14","Relocation","wet","adult",20,2.989,NA,15,"MF","AnAge",NA,"0-24hr","","Captive","Mississippi, USA","Figure 1","Galagidae","Primates"
"35","Ovibos moschatus","",315000,64.122,110.875,"EIA","9","ACTH","wet","adult and subadult",27.4,NA,37.7,NA,"MF","AnAge",NA,"7-55hr","","Captive","Alaska, USA","supplementary data sheet 3","Bovidae","Artiodactyla"
"36","Pan troglodytes","",44984,9.9,14.9,"EIA","9","ACTH","wet","adult",68,1.5,NA,1,"M","AnAge",NA,"29hr","","Captive","Georgia, USA","Figure 1","Hominidae","Primates"
"37","Panthera leo bleyenberghi","",175000,15.4489,24.7638,"EIA","15","Death of dominant male","dry","adult",28,0.965,37.9,5,"MF","AnAge",NA,"","","Captive","Barcelona, Spain","Table 2","Felidae","Carnivora"
"38","Panthera onca","",81150,307.8,820.9,"RIA","14","Chemical restraint and electroejaculation","dry","adult",28,1.238,37,3,"M","AnAge",NA,"","","Captive","Brazil","","Felidae","Carnivora"
"39","Panthera tigris","",119700,96.74,NA,"EIA","9","","dry","adult",26.3,0.971,37.5,22,"MF","AnAge",NA,"","Misc.","Captive","Australia","Averaged mean FGC from text","Felidae","Carnivora"
"40","Papio ursinus","Yes",18000,63.3,NA,"RIA","14","","dry","adult",37.5,1.665,NA,10,"F","AnAge",NA,"","Cycling","Wild","South Africa","Table 1","Cercopithecidae","Primates"
"41","Pecari tajacu","",23000,35.9,96.3,"EIA","9","ACTH","dry","adult",31.5,1.618,37.5,6,"M","Source",NA,"24hr","","Captive","Bahia, Brazil","Figure 2","Tayassuidae","Artiodactyla"
"42","Propithecus verreauxi","",5000,21,37,"EIA","7","ACTH","wet","adult",31,1.116,36,4,"MF","AnAge",NA,"","Breeding","Wild","Madagascar","Table 2","Indriidae","Primates"
"43","Rattus rattus","",153,3210,4410,"EIA","11","ACTH","wet","adult",4.2,6.581,38,13,"M","Source",NA,"6-8hr","","Wild","Czech Republic","","Muridae","Rodentia"
"44","Rhinoceros unicornis","",1602330,9.66,35.28,"EIA","9","ACTH","dry","adult",43.5,NA,37.4,1,"M","AnAge",NA,"22hr","","Captive","","","Rhinocerotidae","Perissodactyla"
"45","Sturnira hondurensis","",17.25,3145.27,NA,"EIA","22","","wet","",NA,NA,NA,5,"MF","Other",NA,"","","Wild","Oaxaca, Mexico","Table 2","Phyllostomidae","Chiroptera"
"46","Sturnira parvidens","",15.3,206.15,NA,"EIA","22","","wet","",NA,NA,NA,4,"MF","Other",NA,"","","Wild","Oaxaca, Mexico","Table 2","Phyllostomidae","Chiroptera"
"47","Suricata suricatta","",776,139.85,500.5,"EIA","9","ACTH","dry","adult",20.6,2.034,36.3,2,"M","AnAge",NA,"","","Captive","Missouri, USA","Table 1","Herpestidae","Carnivora"
"48","Tolypeutes matacus","",2127.3,642.1,1379.3,"EIA","9","ACTH","dry","adult",36.8,1.01,33,2,"MF","Source",NA,"30-94hr","","Captive","Illinois, USA","","Chlamyphoridae","Cingulata"
"49","Urocitellus columbianus","",630,263.03,672.05,"EIA","11","Capture","dry","adult",NA,NA,NA,10,"MF","Source",NA,"","","Wild","Alberta, Canada","Baseline x percent increase ","Sciuridae","Rodentia"
"50","Ursus thibetanus","",103750,107.9,432.6,"EIA","9","ACTH","dry","adult",39.2,NA,37.5,1,"F","AnAge",NA,"","","Captive","Quebec, Canada","Table 1","Ursidae","Carnivora"
"51","Vulpes lagopus","",7600,695,2414,"EIA","11","ACTH","dry","adult and juveniles",16.3,2.129,38.6,15,"MF","Source",NA,"9.3hr","","Captive","Trondheim, Norway","","Canidae","Carnivora"
"52","Vulpes vulpes","",7263,475,2143,"EIA","11","ACTH","dry","adult and juveniles",21.3,2.998,38.7,30,"MF","Source",NA,"9.8hr","","Captive","Norway","","Canidae","Carnivora"
