"","X","Species","Group","Mass","BasalFGC","ElevFGC","Method","AssayType","Stressor","FecesMass","Stage","MaxLifespan","MSMR","Temp","n","Sex","MassSource","MassEffects","TimeToSample","ReproductivePeriod","Captive","Location","Notes","Family","Order","Hormone"
"1",1,"Acinonyx jubatus","",53500,436.6,5941.1,"RIA","14","ACTH","dry","adult",20.5,1.607,39,1,"F","AnAge",NA,"","","Captive","Florida, USA","Table 1","Felidae","Carnivora","Corticosterone"
"2",2,"Aepyceros melampus","",52500,45.74,NA,"RIA","14","","dry","",25.6,NA,NA,NA,"MF ","AnAge",NA,"","","Wild","KwaZulu-Natal, South Africa","Figure 2","Bovidae","Artiodactyla","Corticosterone"
"3",3,"Artibeus jamaicensis","",42.2,357.23,NA,"EIA","23","","wet","",19.2,7.787,36.4,12,"MF","AnAge",NA,"","","Wild","Oaxaca, Mexico","Table 2","Phyllostomidae","Chiroptera","Corticosterone"
"4",4,"Artibeus lituratus","",65,335.81,NA,"EIA","23","","wet","",NA,8.588,37.3,5,"MF","AnAge",NA,"","","Wild","Oaxaca, Mexico","Table 2","Phyllostomidae","Chiroptera","Corticosterone"
"5",5,"Canis rufus","",22983.2,162.1,1875,"RIA","14","ACTH","dry","adult",NA,NA,NA,2,"MF","Other",NA,"","","Captive","Washington, USA","Table 1","Canidae","Carnivora","Corticosterone"
"6",6,"Cervus elaphus","",2e+05,26.03,NA,"RIA","14","","wet","adult and subadult",31.5,1.678,35.2,30,"MF","AnAge",NA,"","","Wild","South Dakota, USA","Avg. winter and summer","Cervidae","Artiodactyla","Corticosterone"
"7",7,"Choeropsis liberiensis","",250000,102.75,283.9,"EIA","3","ACTH","wet","adult",42.3,NA,NA,4,"MF","Paper",NA,"0-72hr","","Captive","North America","Table 1","Hippopotamidae","Artiodactyla","Corticosterone"
"8",8,"Connochaetes taurinus","",164500,24.09,NA,"RIA","14","","dry","",24.3,1.171,38,NA,"MF ","AnAge",NA,"","","Wild","KwaZulu-Natal, South Africa","Figure 2","Bovidae","Artiodactyla","Corticosterone"
"9",9,"Ctenomys sociabilis","",400,62.6,291.4,"EIA","21","ACTH","","adult",NA,NA,NA,6,"F","Other",NA,"24hr","","Captive","California, USA","Figure 4","Ctenomyidae","Rodentia","Corticosterone"
"10",10,"Equus burchellii","",276000,14.08,NA,"RIA","14","","dry","",NA,NA,NA,NA,"MF ","Other",NA,"","","Wild","KwaZulu-Natal, South Africa","Figure 2","Equidae","Perissodactyla","Corticosterone"
"11",11,"Equus caballus","",444900,26.5,NA,"RIA","14","","dry","adult",57,1.4,38.3,6,"F","Other",NA,"","Non-breeding","Wild","North Carolina, USA","Figure 4, before","Equidae","Perissodactyla","Corticosterone"
"12",12,"Equus grevyi","",384000,18.3,41.7,"RIA","14","ACTH","dry","adult",31,NA,NA,1,"F","AnAge",NA,"","","Captive","Florida, USA","Figure 2","Equidae","Perissodactyla","Corticosterone"
"13",13,"Felis catus","",3900,547.15,2165.1,"RIA","14","ACTH","dry","adult",30,2.47,38.1,2,"MF","Other",NA,"","","Captive","Virginia, USA","Table 1","Felidae","Carnivora","Corticosterone"
"14",14,"Gerbillus andersoni","",26.9,797,2377,"EIA","12","ACTH","dry","",NA,NA,NA,9,"MF","AnAge",NA,"8.8hr","","Captive","Sede Boker, Israel","","Muridae","Rodentia","Corticosterone"
"15",15,"Gerbillus gerbillus","",30,2182.1,10232,"EIA","10","ACTH","dry","adults",5.9,7.98,37.2,3,"M","AnAge",NA,"6hr","Non-breeding","Captive","Isreal","Table 1, Figure 2","Muridae","Rodentia","Corticosterone"
"16",16,"Gerbillus nanus","",18.5,183,589,"EIA","12","ACTH","dry","",4.5,4.343,38.8,7,"F","AnAge",NA,"5.6hr","","Captive","Sede Boker, Israel","","Muridae","Rodentia","Corticosterone"
"17",17,"Gerbillus pyramidum","",37,1770.1,6606,"EIA","10","ACTH","dry","adults",8.2,4.184,36.1,3,"M","AnAge",NA,"","Non-breeding","Captive","Isreal","Table 1, Figure 3","Muridae","Rodentia","Corticosterone"
"18",18,"Giraffa camelopardalis","",8e+05,64.76,178.8,"EIA","10","ACTH","dry","adult and juveniles",39.5,0.874,37.1,2,"M","AnAge",NA,"","","Captive","Misc.","","Giraffidae","Artiodactyla","Corticosterone"
"19",19,"Gorilla gorilla gorilla","Yes",139842,60,140,"EIA","8","Anesthesia","wet","",60.1,NA,NA,6,"MF","AnAge",NA,"54hr","","Captive","UK","Prioritize EIA, Table 1","Hominidae","Primates","Corticosterone"
"20",20,"Hylobates pileatus","Yes",5735,25,749.5,"EIA","8","ACTH","dry","adult",38,NA,NA,2,"MF","AnAge",NA,"38.4hr","","Captive","Misc.","Table 2","Hylobatidae","Primates","Corticosterone"
"21",21,"Lycaon pictus","",26500,217.75,3575,"RIA","14","ACTH","dry","adult and subadult",17,3.773,NA,5,"MF","AnAge",NA,"24hr","","Captive","Illinois, USA","","Canidae","Carnivora","Corticosterone"
"22",22,"Marmota flaviventris","",3500,132,4417,"RIA","14","ACTH","dry","adult",21.2,2.008,36.5,6,"MF","AnAge",NA,"32hr","","Captive","Colorado, USA","","Sciuridae","Rodentia","Corticosterone"
"23",23,"Melursus ursinus","",1e+05,64.1,666.5,"RIA","14","Infection, male introduction, breeding","dry","adult",33.3,0.703,NA,1,"F","AnAge",NA,"","","Captive","Arkansas, USA","Table 2","Ursidae","Carnivora","Corticosterone"
"24",24,"Microcebus murinus","Yes",64.8,90,870,"EIA","8","Capture","wet","",18.2,NA,NA,5,"MF","AnAge",NA,"45.5hr","","Wild","Madagascar","Table 2","Cheirogaleidae","Primates","Corticosterone"
"25",25,"Mungos mungo","",1332,1030,2120,"EIA","10","ACTH","dry","",17.4,NA,NA,3,"MF","AnAge",NA,"","","Captive","Botswana","","Herpestidae","Carnivora","Corticosterone"
"26",26,"Mus musculus","",20.5,4472.05,NA,"RIA","14","","dry","adult",4,15.056,36.9,60,"M","AnAge",NA,"","","Captive","UK","","Muridae","Rodentia","Corticosterone"
"27",27,"Mustela nigripes","",1021,114.5,264.3,"RIA","14","ACTH","dry","adult",9.4,NA,NA,1,"F","AnAge",NA,"","","Captive","Ontario, Canada","Table 1","Mustelidae","Carnivora","Corticosterone"
"28",28,"Myrmecophaga tridactyla","",28500,33.5,NA,"EIA",NA,"","wet","adult",31,0.475,NA,1,"F","AnAge",NA,"","Estrous","Captive","Tennessee, USA","","Myrmecophagidae","Pilosa","Corticosterone"
"29",29,"Neofelis nebulosa","",19500,406.63,4143.9,"RIA","14","ACTH","dry","adult",19.8,NA,NA,3,"MF","AnAge",NA,"","","Captive","Virginia, USA","Table 1","Felidae","Carnivora","Corticosterone"
"30",30,"Odocoileus virginianus","",87000,67.5,190.25,"RIA","14","ACTH","dry","adult",23,1.996,39,3,"F","AnAge",NA,"16.75hr","","Captive","Missouri, USA","","Cervidae","Artiodactyla","Corticosterone"
"31",31,"Ovibos moschatus","",315000,14.91,53.32,"EIA","10","ACTH","wet","adult and subadult",27.4,NA,37.7,5,"MF","AnAge",NA,"7-55hr","","Captive","Alaska, USA","supplementary data sheet 3","Bovidae","Artiodactyla","Corticosterone"
"32",32,"Peromyscus maniculatus","",21,1436.55,2540.2,"EIA","10","ACTH","dry","adult",8.3,10.683,36.6,4,"MF","AnAge",NA,"2hr","","Captive","Ontario, Canada","","Cricetidae","Rodentia","Corticosterone"
"33",33,"Rangifer tarandus granti","",132500,41.3,137.8,"RIA","14","ACTH","dry","adult",21.8,1.408,NA,5,"MF","Source",NA,"8hr","","Captive","Alaska, USA","","Cervidae","Artiodactyla","Corticosterone"
"34",34,"Rangifer tarandus tarandus","",85500,60.66,82.6,"RIA","14","ACTH","dry","juvenile",21.8,1.408,37.2,5,"F","Source",NA,"24hr","","Captive","Alaska, USA","","Cervidae","Artiodactyla","Corticosterone"
"35",35,"Rattus norvegicus","",300,175,NA,"EIA","20","","dry","adult",3.8,6.786,37.1,18,"MF","AnAge",NA,"","","Captive","Italy","Figure 3","Muridae","Rodentia","Corticosterone"
"36",36,"Sturnira hondurensis","",17.25,1064.48,NA,"EIA","23","","wet","",NA,NA,NA,5,"MF","Other",NA,"","","Wild","Oaxaca, Mexico","Table 2","Phyllostomidae","Chiroptera","Corticosterone"
"37",37,"Sturnira parvidens","",15.3,176.79,NA,"EIA","23","","wet","",NA,NA,NA,4,"MF","Other",NA,"","","Wild","Oaxaca, Mexico","Table 2","Phyllostomidae","Chiroptera","Corticosterone"
"38",38,"Suricata suricatta","",776,174.25,1613.6,"RIA","14","ACTH","dry","adult",20.6,2.034,36.3,2,"M","AnAge",NA,"","","Captive","Missouri, USA","Table 1","Herpestidae","Carnivora","Corticosterone"
"39",39,"Syncerus caffer","",368500,40.19,250.29,"RIA","14","ACTH","dry","adults and subadults",32.8,NA,NA,4,"MF","Source",NA,"10.1-20hr","","Captive","South Africa","Fig 3","Bovidae","Artiodactyla","Corticosterone"
"40",40,"Tragelaphus buxtoni","",215001,60.09,NA,"RIA","14","","dry","",NA,NA,NA,NA,"MF ","Other",NA,"","","Wild","KwaZulu-Natal, South Africa","","Bovidae","Artiodactyla","Corticosterone"
"41",41,"Tragelaphus strepsiceros","",213501,46.34,NA,"RIA","14","","dry","",23.5,NA,38.9,NA,"MF ","Other",NA,"","","Wild","KwaZulu-Natal, South Africa","","Bovidae","Artiodactyla","Corticosterone"
"42",42,"Ursus arctos horribilis","",277500,19.043,112.455,"RIA","14","ACTH","dry","adult",40,NA,37.3,2,"MF","AnAge",NA,"27hr","","Captive","Washington, USA","Figure 1","Ursidae","Carnivora","Corticosterone"
"43",43,"Ursus maritimus","",475000,53,NA,"EIA","10","","dry","adult",43.8,0.67,36.8,10,"MF","AnAge",NA,"","","Captive","North America","Table 1","Ursidae","Carnivora","Corticosterone"
"44",44,"Ursus thibetanus","",103750,34.5,197.9,"RIA","14","ACTH","dry","adult",39.2,NA,37.5,1,"F","AnAge",NA,"","","Captive","Quebec, Canada","Table 2","Ursidae","Carnivora","Corticosterone"
"45",1,"Acinonyx jubatus","",53500,628.4,7193.2,"EIA","9","ACTH","dry","adult",20.5,1.607,39,1,"F","AnAge",NA,"","","Captive","Florida, USA","Table 1","Felidae","Carnivora","Cortisol"
"46",2,"Acomys cahirinus","",45.2,1077.33,1838.98,"EIA","4","ACTH","wet","subadult",5.9,6.143,37.5,10,"MF","AnAge",NA,"5-7hr","","Captive","Egypt","Figure 2, prioritize EIA2 ","Muridae","Rodentia","Cortisol"
"47",3,"Ailuropoda melanoleuca","",117500,114.66,179.492,"EIA","17","Artifical semen collection & artifical insemination","dry","adult",36.8,NA,NA,9,"MF","AnAge",NA,"","","Captive","Shaanxi, China","","Ursidae","Carnivora","Cortisol"
"48",4,"Artibeus jamaicensis","",42.2,557.46,NA,"EIA","22","","wet","",19.2,7.787,36.4,12,"MF","AnAge",NA,"","","Wild","Oaxaca, Mexico","Table 2","Phyllostomidae","Chiroptera","Cortisol"
"49",5,"Artibeus lituratus","",65,872.25,NA,"EIA","22","","wet","",NA,8.588,37.3,5,"MF","AnAge",NA,"","","Wild","Oaxaca, Mexico","Table 2","Phyllostomidae","Chiroptera","Cortisol"
"50",6,"Blastocerus dichotomus","",102500,130.333,NA,"EIA","4","","dry","adult and subadult",13.7,NA,NA,6,"MF","AnAge",NA,"0-4d","","Captive","São Paulo, Brazil","Captive animals only","Cervidae","Artiodactyla","Cortisol"
"51",7,"Bos taurus","",750000,96.4,157,"EIA","1","Dry off","wet","adult",20,0.884,38,76,"F","AnAge",NA,"3d","Pregnant and lactating","Captive","Brandenburg, Germany","Figure 5","Bovidae","Artiodactyla","Cortisol"
"52",8,"Canis rufus","",22983.2,525.6,2103.7,"EIA","9","ACTH","dry","adult",NA,NA,NA,1,"M","Other",NA,"","","Captive","Washington, USA","Table 2","Canidae","Carnivora","Cortisol"
"53",9,"Capra hircus","",61000,124,1096,"EIA","1","ACTH","wet","adult",20.8,1.4,39.3,20,"F","AnAge",NA,"13hr","","Captive","Westerau, Germany","Assay B only","Bovidae","Artiodactyla","Cortisol"
"54",10,"Capreolus capreolus","",25000,60.92,459,"EIA","1","ACTH","wet","",17.5,2.156,NA,5,"M","Source",NA,"9.7hr","Castrated","Captive","Wehr, Germany","Table 1","Cervidae","Artiodactyla","Cortisol"
"55",11,"Cavia porcellus","",992.8,345,970,"EIA","1","Social interaction","dry","adult",12,3.333,39,20,"M","Source",NA,"6hr","","Captive","Vienna, Austria","Figure 4","Caviidae","Rodentia","Cortisol"
"56",12,"Ceratotherium simum","",2175000,4.1,28.3,"HPLC","HPLC","Restraint & relocation","dry","adult",45,NA,NA,4,"MF","AnAge",NA,"0-24hr","","Captive","USA","Table 3","Rhinocerotidae","Perissodactyla","Cortisol"
"57",13,"Cerdocyon thous","",6500,84.5,1638.53,"EIA","4","ACTH","","",12.7,1.562,38.2,3,"MF","AnAge",NA,"24-48hr","","Captive","Pantanal/MT, Brazil","Table 1","Canidae","Carnivora","Cortisol"
"58",14,"Choeropsis liberiensis","",215000,6.3,19.2,"EIA","2","ACTH","wet","adult",42.3,NA,NA,4,"MF","AnAge",NA,"0-72hr","","Captive","North America","Table 1","Hippopotamidae","Artiodactyla","Cortisol"
"59",15,"Crocuta crocuta","",63000,43.75,744.95,"EIA","2","ACTH","wet","adult",41.1,NA,NA,2,"MF","AnAge",NA,"24hr","","Captive","Czech Republic","","Hyaenidae","Carnivora","Cortisol"
"60",16,"Diceros bicornis","",1100000,3,30.1,"HPLC","HPLC","Restraint & relocation","dry","adult",57,NA,NA,5,"MF","AnAge",NA,"0-24hr","","Captive","USA","Table 3","Rhinocerotidae","Perissodactyla","Cortisol"
"61",17,"Elephas maximus","",3178000,17.1,NA,"EIA","19","","dry","adult",79.6,0.636,35.8,26,"M","AnAge",NA,"","Misc. (Some in Musth)","Captive","USA","Captive only","Elephantidae","Proboscidea","Cortisol"
"62",18,"Felis catus","",3900,463.05,1871,"EIA","9","ACTH","dry","adult",30,2.47,38.1,2,"MF","AnAge",NA,"0-5d","","Captive","Virginia, USA","Table 1","Felidae","Carnivora","Cortisol"
"63",19,"Giraffa camelopardalis","",8e+05,23.725,49.3,"EIA","9","ACTH","dry","adult",39.5,0.874,37.1,2,"M","AnAge",NA,"13.5hr","","Captive","Misc.","Appendix 1","Giraffidae","Artiodactyla","Cortisol"
"64",20,"Gorilla gorilla gorilla","",139842,20,40,"EIA","2","Anesthesia, relocation, social interaction, and male introduction","wet","",60.1,NA,NA,6,"MF","AnAge",NA,"44hr","","Captive","UK","Prioritized EIA, Table 1","Hominidae","Primates","Cortisol"
"65",21,"Hylobates pileatus","",5735,35.5,188.5,"EIA","2","ACTH","dry","adult",38,NA,NA,2,"MF","AnAge",NA,"26hr","","Captive","Misc.","Table 2","Hylobatidae","Primates","Cortisol"
"66",22,"Lepus americanus","",1600,1054,11130,"EIA","1","ACTH","dry","adult",NA,4.184,39.8,7,"MF","AnAge",NA,"10hr","","Captive","Yukon, Canada","","Leporidae","Lagomorpha","Cortisol"
"67",23,"Loxodonta africana","",4800000,69.7,NA,"EIA","","","wet","adult",65,NA,NA,41,"F","AnAge",NA,"","","Wild","Tanzania","Limited to adult females to avoid juveniles","Elephantidae","Proboscidea","Cortisol"
"68",24,"Macaca tonkeana","",11950,51.505,80.245,"EIA","13","Relocation","dry","adult and juveniles",28.4,NA,NA,15,"MF","AnAge",NA,"1-2d","","Captive","France to Italy","Table 2","Cercopithecidae","Primates","Cortisol"
"69",25,"Mazama gouazoubira","",17000,181.5,770.5,"EIA","4","ACTH","wet","adult and juveniles",14.8,NA,NA,2,"MF","AnAge",NA,"25hr","","Captive","São Paulo, Brazil","","Cervidae","Artiodactyla","Cortisol"
"70",26,"Melursus ursinus","",1e+05,48.7,1428.8,"EIA","9","Infection, male introduction, breeding","dry","adult",33.3,0.703,NA,1,"F","AnAge",NA,"","","Captive","Alaska, USA","Table 2","Ursidae","Carnivora","Cortisol"
"71",27,"Mesocricetus auratus","",105,204.5,1040,"EIA","4","ACTH","dry","adult",3.9,6.377,38.1,20,"MF","AnAge",NA,"24hr","","Captive","São Paulo, Brazil","Baseline x percent increase ","Cricetidae","Rodentia","Cortisol"
"72",28,"Microcebus murinus","",64.8,420,1940,"EIA","2","Capture","wet","",18.2,NA,NA,5,"MF","AnAge",NA,"1-5d","","Wild","Madagascar","Table 2","Cheirogaleidae","Primates","Cortisol"
"73",29,"Moschus berezovskii","",12000,41.726,86.105,"EIA","16","Capture, restraint, and extraction of musk","wet","adult",20,NA,NA,7,"M","AnAge",NA,"1-28d","","Captive","Shaanxi, China","Table 1, CRE group, only increase animals","Moschidae","Artiodactyla","Cortisol"
"74",30,"Mungos mungo","",1332,58.4,104.2,"EIA","9","ACTH","dry","adult",17.4,NA,NA,3,"MF","AnAge",NA,"24hr","","Captive","Botswana","","Herpestidae","Carnivora","Cortisol"
"75",31,"Mustela nigripes","",1021,220.2,548.6,"EIA","9","ACTH","dry","adult",9.4,NA,NA,1,"F","AnAge",NA,"","","Captive","Ontario, Canada","Table 1","Mustelidae","Carnivora","Cortisol"
"76",32,"Neofelis nebulosa","",19500,194.3,783.46,"EIA","9","ACTH","dry","adult",19.8,NA,NA,3,"MF","AnAge",NA,"","","Captive","Virginia, USA","Table 1","Felidae","Carnivora","Cortisol"
"77",33,"Octodon degus","",235,139,272,"RIA","14","ACTH","dry","adult",14,4.8,37.6,6,"MF","AnAge",NA,"6hr","","Captive","Santiago, Chile","Figure 4","Octodontidae","Rodentia","Cortisol"
"78",34,"Otolemur garnettii","Yes",1300,25.683,209.113,"RIA","14","Relocation","wet","adult",20,2.989,NA,15,"MF","AnAge",NA,"0-24hr","","Captive","Mississippi, USA","Figure 1","Galagidae","Primates","Cortisol"
"79",35,"Ovibos moschatus","",315000,64.122,110.875,"EIA","9","ACTH","wet","adult and subadult",27.4,NA,37.7,NA,"MF","AnAge",NA,"7-55hr","","Captive","Alaska, USA","supplementary data sheet 3","Bovidae","Artiodactyla","Cortisol"
"80",36,"Pan troglodytes","",44984,9.9,14.9,"EIA","9","ACTH","wet","adult",68,1.5,NA,1,"M","AnAge",NA,"29hr","","Captive","Georgia, USA","Figure 1","Hominidae","Primates","Cortisol"
"81",37,"Panthera leo bleyenberghi","",175000,15.4489,24.7638,"EIA","15","Death of dominant male","dry","adult",28,0.965,37.9,5,"MF","AnAge",NA,"","","Captive","Barcelona, Spain","Table 2","Felidae","Carnivora","Cortisol"
"82",38,"Panthera onca","",81150,307.8,820.9,"RIA","14","Chemical restraint and electroejaculation","dry","adult",28,1.238,37,3,"M","AnAge",NA,"","","Captive","Brazil","","Felidae","Carnivora","Cortisol"
"83",39,"Panthera tigris","",119700,96.74,NA,"EIA","9","","dry","adult",26.3,0.971,37.5,22,"MF","AnAge",NA,"","Misc.","Captive","Australia","Averaged mean FGC from text","Felidae","Carnivora","Cortisol"
"84",40,"Papio ursinus","Yes",18000,63.3,NA,"RIA","14","","dry","adult",37.5,1.665,NA,10,"F","AnAge",NA,"","Cycling","Wild","South Africa","Table 1","Cercopithecidae","Primates","Cortisol"
"85",41,"Pecari tajacu","",23000,35.9,96.3,"EIA","9","ACTH","dry","adult",31.5,1.618,37.5,6,"M","Source",NA,"24hr","","Captive","Bahia, Brazil","Figure 2","Tayassuidae","Artiodactyla","Cortisol"
"86",42,"Propithecus verreauxi","",5000,21,37,"EIA","7","ACTH","wet","adult",31,1.116,36,4,"MF","AnAge",NA,"","Breeding","Wild","Madagascar","Table 2","Indriidae","Primates","Cortisol"
"87",43,"Rattus rattus","",153,3210,4410,"EIA","11","ACTH","wet","adult",4.2,6.581,38,13,"M","Source",NA,"6-8hr","","Wild","Czech Republic","","Muridae","Rodentia","Cortisol"
"88",44,"Rhinoceros unicornis","",1602330,9.66,35.28,"EIA","9","ACTH","dry","adult",43.5,NA,37.4,1,"M","AnAge",NA,"22hr","","Captive","","","Rhinocerotidae","Perissodactyla","Cortisol"
"89",45,"Sturnira hondurensis","",17.25,3145.27,NA,"EIA","22","","wet","",NA,NA,NA,5,"MF","Other",NA,"","","Wild","Oaxaca, Mexico","Table 2","Phyllostomidae","Chiroptera","Cortisol"
"90",46,"Sturnira parvidens","",15.3,206.15,NA,"EIA","22","","wet","",NA,NA,NA,4,"MF","Other",NA,"","","Wild","Oaxaca, Mexico","Table 2","Phyllostomidae","Chiroptera","Cortisol"
"91",47,"Suricata suricatta","",776,139.85,500.5,"EIA","9","ACTH","dry","adult",20.6,2.034,36.3,2,"M","AnAge",NA,"","","Captive","Missouri, USA","Table 1","Herpestidae","Carnivora","Cortisol"
"92",48,"Tolypeutes matacus","",2127.3,642.1,1379.3,"EIA","9","ACTH","dry","adult",36.8,1.01,33,2,"MF","Source",NA,"30-94hr","","Captive","Illinois, USA","","Chlamyphoridae","Cingulata","Cortisol"
"93",49,"Urocitellus columbianus","",630,263.03,672.05,"EIA","11","Capture","dry","adult",NA,NA,NA,10,"MF","Source",NA,"","","Wild","Alberta, Canada","Baseline x percent increase ","Sciuridae","Rodentia","Cortisol"
"94",50,"Ursus thibetanus","",103750,107.9,432.6,"EIA","9","ACTH","dry","adult",39.2,NA,37.5,1,"F","AnAge",NA,"","","Captive","Quebec, Canada","Table 1","Ursidae","Carnivora","Cortisol"
"95",51,"Vulpes lagopus","",7600,695,2414,"EIA","11","ACTH","dry","adult and juveniles",16.3,2.129,38.6,15,"MF","Source",NA,"9.3hr","","Captive","Trondheim, Norway","","Canidae","Carnivora","Cortisol"
"96",52,"Vulpes vulpes","",7263,475,2143,"EIA","11","ACTH","dry","adult and juveniles",21.3,2.998,38.7,30,"MF","Source",NA,"9.8hr","","Captive","Norway","","Canidae","Carnivora","Cortisol"
